CREATE TABLE CUSTOMER 
( DL_NUMBER CHAR(10) NOT NULL, 
NAME VARCHAR(35) NOT NULL, 
PHONE_NUMBER CHAR(11) NOT NULL, 
EMAIL_ID VARCHAR(30) NOT NULL, 
CONSTRAINT CUSTOMERPK 
PRIMARY KEY (DL_NUMBER) 
); 
CREATE TABLE CAR_CATEGORY 
( CATEGORY_NAME VARCHAR(25) NOT NULL, 
NO_OF_PERSON INT NOT NULL, 
COST_PER_DAY Decimal(10) NOT NULL, 
LATE_FEE_PER_HOUR Decimal(10) NOT NULL, 
CONSTRAINT CARCATEGORYPK 
PRIMARY KEY (CATEGORY_NAME) 
); 
CREATE TABLE LOCATION_DETAILS 
( LOCATION_ID CHAR(4) NOT NULL, 
LOCATION_NAME VARCHAR(50) NOT NULL, 
STREET VARCHAR(30) NOT NULL, 
CITY VARCHAR(20) NOT NULL, 
STATE_NAME VARCHAR(20) NOT NULL, 
POST_CODE CHAR(5) NOT NULL, 
CONSTRAINT LOCATIONPK 
PRIMARY KEY (LOCATION_ID) 
); 
CREATE TABLE CAR 
( REGISTRATION_NUMBER CHAR(8) NOT NULL, 
MODEL_NAME VARCHAR(25) NOT NULL, 
MAKER VARCHAR(25) NOT NULL, 
KILOMETERS INTEGER NOT NULL, 
CAR_CATEGORY_NAME VARCHAR(25) NOT NULL, 
LOC_ID CHAR(4) NOT NULL, 
AVAILABILITY_FLAG CHAR(1) NOT NULL, 
CONSTRAINT CARPK 
PRIMARY KEY (REGISTRATION_NUMBER), 
CONSTRAINT CARFK1 
FOREIGN KEY (CAR_CATEGORY_NAME) REFERENCES  
CAR_CATEGORY(CATEGORY_NAME), 
CONSTRAINT CARFK2 
FOREIGN KEY (LOC_ID) REFERENCES LOCATION_DETAILS(LOCATION_ID) 
); 
CREATE TABLE RENTAL_CAR_INSURANCE 
( INSURANCE_CODE CHAR(4) NOT NULL, 
INSURANCE_NAME VARCHAR(50) NOT NULL, 
COVERAGE_TYPE VARCHAR(100) NOT NULL, 
COST_PER_DAY Decimal(6) NOT NULL, 
CONSTRAINT INSURANCEPK 
PRIMARY KEY (INSURANCE_CODE), 
CONSTRAINT INSURANCESK 
UNIQUE (INSURANCE_NAME) 
); 
CREATE TABLE BOOKING_DETAILS 
( BOOKING_ID CHAR(5) NOT NULL, 
FROM_DT_TIME TIMESTAMP NOT NULL, 
RET_DT_TIME TIMESTAMP NOT NULL, 
AMOUNT Decimal(15) NOT NULL, 
BOOKING_STATUS CHAR(1) NOT NULL, 
PICKUP_LOC CHAR(4) NOT NULL, 
DROP_LOC CHAR(4) NOT NULL, 
REG_NUM CHAR(8) NOT NULL, 
DL_NUM CHAR(10) NOT NULL, 
INS_CODE CHAR(4), 
ACT_RET_DT_TIME TIMESTAMP, 
CONSTRAINT BOOKINGPK 
PRIMARY KEY (BOOKING_ID), 
CONSTRAINT BOOKINGFK1 
FOREIGN KEY (PICKUP_LOC) REFERENCES LOCATION_DETAILS(LOCATION_ID), 
CONSTRAINT BOOKINGFK2 
FOREIGN KEY (DROP_LOC) REFERENCES LOCATION_DETAILS(LOCATION_ID), 
CONSTRAINT BOOKINGFK3 
FOREIGN KEY (REG_NUM) REFERENCES CAR(REGISTRATION_NUMBER), 
CONSTRAINT BOOKINGFK4 
FOREIGN KEY (DL_NUM) REFERENCES CUSTOMER(DL_NUMBER), 
CONSTRAINT BOOKINGFK5 
FOREIGN KEY (INS_CODE) REFERENCES RENTAL_CAR_INSURANCE(INSURANCE_CODE) 
); 
CREATE TABLE BILLING_DETAILS 
( BILL_ID CHAR(6) NOT NULL, 
BILL_DATE DATE NOT NULL, 
BILL_STATUS CHAR(1) NOT NULL, 
TOTAL_AMOUNT Decimal(15) NOT NULL, 
BOOKING_ID CHAR(5) NOT NULL, 
TOTAL_LATE_FEE Decimal(15) NOT NULL, 
CONSTRAINT BILLINGPK 
PRIMARY KEY (BILL_ID), 
CONSTRAINT BILLINGFK1 
FOREIGN KEY (BOOKING_ID) REFERENCES BOOKING_DETAILS(BOOKING_ID) 
); 
INSERT INTO CUSTOMER VALUES('4696004267', 'KAMBIZ 
FESHARAKI','09130001001','KAMBIZ69@gmail.com'); 
INSERT INTO CUSTOMER VALUES('4696478596', 'AGHAYE HASHEMI', 
'09130001002','HASHEMI@gmail.com'); 
INSERT INTO CUSTOMER VALUES('4696478593', 'POORIA JAAFARY', 
'09130001003','HAS333HEMI@gmail.com'); 
INSERT INTO CUSTOMER VALUES('4696478594', 'HASSAN SHAMAII ZADEH', 
'09130001004','H44EMI@gmail.com'); 
INSERT INTO CUSTOMER VALUES('4696478595', 'FERYAL ARAB', '09130001005','FER4EMI@gmail.com'); 
INSERT INTO CUSTOMER VALUES('4696478598', 'BEHZAD KEIMASY BON E KAMARY', '09130001006',' 
BEHZAD3@gmail.com'); 
INSERT INTO CUSTOMER VALUES('4696478597', 'JOHN WICK', '09130001007','JOHNISINI@gmail.com'); 
INSERT INTO CAR_CATEGORY VALUES('ECONOMY',5,300,90); 
INSERT INTO CAR_CATEGORY VALUES('COMPACT',5,320,96); 
INSERT INTO CAR_CATEGORY VALUES('STANDARD',5,380,114); 
INSERT INTO CAR_CATEGORY VALUES('LUXURY CAR',5,750,225); 
INSERT INTO CAR_CATEGORY VALUES('STANDARD SUV',5,400,120); 
INSERT INTO CAR_CATEGORY VALUES('FULL SIZE SUV',8,600,180); 
INSERT INTO CAR_CATEGORY VALUES('MINI VAN',7,700,210); 
INSERT INTO LOCATION_DETAILS VALUES('L101','ISFAHAN AIRPORT', 
'Herb ','Isfahan','Isfahan',75235); 
INSERT INTO LOCATION_DETAILS VALUES('L102','TEHRAN INTL AIRPORT', 
'Azadi st','Tehran','Tehran',90045); 
INSERT INTO LOCATION_DETAILS VALUES('L103','ISFAHAN MARDAVIJ', 
'Resalat st','Isfahan','Isfahan',75261); 
INSERT INTO LOCATION_DETAILS VALUES('L104','KASHAN AIRPORT', 
'shahid Ebi Rd','Kashan','Isfahan',77094); 
INSERT INTO LOCATION_DETAILS VALUES('L105','CHALUS CAR', 
'Imam Reza Blvd','Chalus','Mazandaran',20166); 
INSERT INTO LOCATION_DETAILS VALUES('L106','SHIRAZ INTL AIRPORT', 
'Shiroodi Blvd','Shiraz','Shiraz',07114); 
INSERT INTO LOCATION_DETAILS VALUES('L107','URMIA LAKE', 
'7 TH Tir','URMIA','West Azarbaijan',84122); 
INSERT INTO CAR VALUES('1WER3245','ACCENT','HYUNDAI',12356,'ECONOMY','L103','A'); 
INSERT INTO CAR VALUES('1GLZ2376','COROLLA','TOYOTA',5000,'ECONOMY','L104','A'); 
INSERT INTO CAR VALUES('1HJK1234','CIVIC','HONDA',20145,'ECONOMY','L102','N'); 
INSERT INTO CAR VALUES('1GLS7625','FOCUS','FORD',12000,'COMPACT','L107','A'); 
INSERT INTO CAR VALUES('1HNX1890','PRIUS','TOYOTA',15690,'COMPACT','L105','N'); 
INSERT INTO CAR VALUES('1SDL9356','FOCUS','FORD',10009,'COMPACT','L103','A'); 
INSERT INTO CAR VALUES('1QWE4562','LEGACY','SUBARU',13420,'STANDARD','L101','A'); 
INSERT INTO CAR VALUES('1ASD9090','ACCORD','HONDA',200,'STANDARD','L103','A'); 
INSERT INTO CAR VALUES('1UYT3981','LEGACY','SUBARU',16750,'STANDARD','L104','A'); 
INSERT INTO CAR VALUES('1TRE9726','200','MAZDA',14320,'STANDARD','L105','A'); 
INSERT INTO CAR VALUES('1HGF5628','TAURUS','FORD',15540,'STANDARD','L106','A'); 
INSERT INTO CAR VALUES('1LKJ7253','200','MAZDA',16300,'STANDARD','L107','A'); 
INSERT INTO CAR VALUES('1VBN6283','TAURUS','FORD',17500,'STANDARD','L101','A'); 
INSERT INTO CAR VALUES('1POI7281','200','MAZDA',18830,'STANDARD','L102','N'); 
INSERT INTO CAR VALUES('1MNB8654','FALCON','FORD',10900,'LUXURY CAR','L103','A'); 
INSERT INTO CAR VALUES('1UHV9786','IMPALA','CHEVROLET',11500,'LUXURY CAR','L104','A'); 
INSERT INTO CAR VALUES('1EFB5427','WAYFARER','FORD',14350,'LUXURY CAR','L105','A'); 
INSERT INTO CAR VALUES('1PLM9873','IMPALA','CHEVROLET',18900,'LUXURY CAR','L106','A'); 
INSERT INTO CAR VALUES('1WDV2458','FALCON','FORD',5600,'LUXURY CAR','L107','A'); 
INSERT INTO CAR VALUES('1QSC8709','MKZ','LINCOLN',18700,'LUXURY CAR','L101','A'); 
INSERT INTO CAR VALUES('1TGB8961','GENESIS','HYUNDAI',17620,'LUXURY CAR','L102','N'); 
INSERT INTO CAR VALUES('1MKU0172','TLX','ACURA',12345,'LUXURY CAR','L103','A'); 
INSERT INTO CAR VALUES('1CFT1908','328I','BMW',10800,'LUXURY CAR','L104','A'); 
INSERT INTO CAR VALUES('1WHM7619','AVALON','TOYOTA',7800,'LUXURY CAR','L105','A'); 
INSERT INTO CAR VALUES('1EDM8610','GLA','MERCEDEZ BENZ',12900, 'STANDARD SUV','L102','A'); 
INSERT INTO CAR VALUES('1AHK7325','RAV4','TOYOTA',3400, 'STANDARD SUV','L103','A'); 
INSERT INTO CAR VALUES('1WIJ6190','EDGE','FORD',18700,'STANDARD SUV','L106','A'); 
INSERT INTO CAR VALUES('1WKJ7972','SEQUOIA','TOYOTA',14500,'FULL SIZE SUV','L103','A'); 
INSERT INTO CAR VALUES('1UHJ6782','EXPEDITION','FORD',11750,'FULL SIZE SUV','L105','A'); 
INSERT INTO CAR VALUES('1XBM6822','SUBURBAN','CHEVROLET',3400,'FULL SIZE SUV','L106','A'); 
INSERT INTO CAR VALUES('1MWO9296','ODYSSEY','HONDA',2300,'MINI VAN','L103','A'); 
INSERT INTO RENTAL_CAR_INSURANCE VALUES('I201', 'COLLISION DAMAGE WAIVER', 
'Covers theft and total damage to the rental car',150); 
INSERT INTO RENTAL_CAR_INSURANCE VALUES('I202',  
'SUPPLEMENTAL LIABILITY PROTECTION', 'Covers damage done to others',120); 
INSERT INTO RENTAL_CAR_INSURANCE VALUES('I203',  
'PERSONAL ACCIDENT INSURANCE', 'Covers medical costs for driver and passengers',100); 
INSERT INTO BOOKING_DETAILS VALUES('B1001',TO_TIMESTAMP('2023-01-20 10:00:00',  
'YYYY-MM-DD HH24:MI:SS'),TO_TIMESTAMP('2023-01-25 10:00:00', 'YYYY-MM-DD  
HH24:MI:SS'), 
45600,'R','L101','L101','1VBN6283','4696004267',NULL, 
TO_TIMESTAMP('2023-01-25 10:00:00', 'YYYY-MM-DD HH24:MI:SS')); 
INSERT INTO BOOKING_DETAILS VALUES('B1002',TO_TIMESTAMP('2023-01-22 10:00:00',  
'YYYY-MM-DD HH24:MI:SS'),TO_TIMESTAMP('2023-01-27 10:00:00', 'YYYY-MM-DD  
HH24:MI:SS'), 
48120,'R','L106','L106','1XBM6822' ,'4696478593','I202', 
TO_TIMESTAMP('2023-01-27 10:00:00', 'YYYY-MM-DD HH24:MI:SS')); 
INSERT INTO BOOKING_DETAILS VALUES('B1003',TO_TIMESTAMP('2023-01-22 13:00:00',  
'YYYY-MM-DD HH24:MI:SS'),TO_TIMESTAMP('2023-01-27 10:00:00', 'YYYY-MM-DD  
HH24:MI:SS'), 
86150,'R','L104','L104','1CFT1908' ,'4696478594','I203', 
TO_TIMESTAMP('2023-01-27 10:00:00', 'YYYY-MM-DD HH24:MI:SS')); 
INSERT INTO BOOKING_DETAILS VALUES('B1004',TO_TIMESTAMP('2023-04-16 08:00:00',  
'YYYY-MM-DD HH24:MI:SS'),TO_TIMESTAMP('2023-04-25 17:00:00', 'YYYY-MM-DD  
HH24:MI:SS'), 
168900,'B','L102','L102','1TGB8961','4696478595','I201',NULL); 
INSERT INTO BOOKING_DETAILS VALUES('B1006',TO_TIMESTAMP('2023-04-21 17:00:00',  
'YYYY-MM-DD HH24:MI:SS'),TO_TIMESTAMP('2023-04-25 17:00:00', 'YYYY-MM-DD  
HH24:MI:SS'), 
15460,'B','L105','L107','1HNX1890','4696478597','I203',NULL); 
INSERT INTO BILLING_DETAILS VALUES('BL1001',to_date('2023-01-25','YYYY-MM-DD'), 
'P',45600,'B1001',0); 
INSERT INTO BILLING_DETAILS VALUES('BL1002',to_date('2023-01-27','YYYY-MM-DD'), 
'P' ,48120 ,'B1002',0); 
INSERT INTO BILLING_DETAILS VALUES('BL1003',to_date('2023-01-27','YYYY-MM-DD'), 
'P' ,86150,'B1003',0); 